,日付,開始時間,終了時間,休憩時間,交通費,備考
0,2022-02-01,,,,,
1,2022-02-02,,,,,
2,2022-02-03,,,,,
3,2022-02-04,,,,,
4,2022-02-05,,,,,
5,2022-02-06,,,,,
6,2022-02-07,,,,,
7,2022-02-08,,,,,
8,2022-02-09,,,,,
9,2022-02-10,,,,,
10,2022-02-11,,,,,
11,2022-02-12,,,,,
12,2022-02-13,,,,,
13,2022-02-14,,,,,
14,2022-02-15,,,,,
15,2022-02-16,,,,,
16,2022-02-17,,,,,
17,2022-02-18,,,,,
18,2022-02-19,,,,,
19,2022-02-20,,,,,
20,2022-02-21,,,,,
21,2022-02-22,,,,,
22,2022-02-23,,,,,
23,2022-02-24,,,,,
24,2022-02-25,,,,,
25,2022-02-26,,,,,
26,2022-02-27,,,,,
27,2022-02-28,,,,,
